<?xml version="1.0" encoding="UTF-8"?>
<metadata xml:lang="en"><Esri><CreaDate>20230602</CreaDate><CreaTime>10420600</CreaTime><ArcGISFormat>1.0</ArcGISFormat><SyncOnce>FALSE</SyncOnce><RematchLocator>https://geocode.arcgis.com/arcgis/rest/services/World/GeocodeServer/ArcGIS World Geocoding Service<Category Locator="Review">Address</Category><Description Locator="Review">::</Description><PORTALURL Locator="Review">https://www.arcgis.com/</PORTALURL><DOCPATH Locator="Review">::</DOCPATH><Referer Locator="Review">http://www.esri.com/AGO/47B6B479-22E7-4C1E-83B7-93C90C9BD300</Referer><ISFILTERLOCATOR Locator="Review">FALSE</ISFILTERLOCATOR><ISEAGLELOCATOR Locator="Review">TRUE</ISEAGLELOCATOR><ISAGOWORLDLOCATOR Locator="Review">TRUE</ISAGOWORLDLOCATOR><CLSID Locator="Review">{92B913C2-FDF2-46D1-9D69-58F6711FE468}</CLSID><capabilities Locator="Review">Geocode,ReverseGeocode,Suggest</capabilities><NumThreads Locator="Review">0</NumThreads><MinimumMatchScore Locator="Review">75</MinimumMatchScore><MinimumCandidateScore Locator="Review">70</MinimumCandidateScore><supportsBatchOutFields Locator="Review">-1</supportsBatchOutFields><RequestTimeout Locator="Review">60</RequestTimeout><InTable Locator="Review">::</InTable><InKeyColumns Locator="Review">::</InKeyColumns><InColumns Locator="Review">IN_Address</InColumns><InColumns Locator="Review">IN_Address2</InColumns><InColumns Locator="Review">IN_Address3</InColumns><InColumns Locator="Review">IN_Neighborhood</InColumns><InColumns Locator="Review">IN_City</InColumns><InColumns Locator="Review">IN_Subregion</InColumns><InColumns Locator="Review">IN_Region</InColumns><InColumns Locator="Review">IN_Postal</InColumns><InColumns Locator="Review">IN_PostalExt</InColumns><InColumns Locator="Review">IN_CountryCode</InColumns><OutTable Locator="Review">::</OutTable><OutKeyColumns Locator="Review">::</OutKeyColumns><OutColumns Locator="Review">Loc_name</OutColumns><OutColumns Locator="Review">Shape</OutColumns><OutColumns Locator="Review">Status</OutColumns><OutColumns Locator="Review">Score</OutColumns><OutColumns Locator="Review">Match_addr</OutColumns><OutColumns Locator="Review">LongLabel</OutColumns><OutColumns Locator="Review">ShortLabel</OutColumns><OutColumns Locator="Review">Addr_type</OutColumns><OutColumns Locator="Review">Type</OutColumns><OutColumns Locator="Review">PlaceName</OutColumns><OutColumns Locator="Review">Place_addr</OutColumns><OutColumns Locator="Review">Phone</OutColumns><OutColumns Locator="Review">URL</OutColumns><OutColumns Locator="Review">Rank</OutColumns><OutColumns Locator="Review">AddBldg</OutColumns><OutColumns Locator="Review">AddNum</OutColumns><OutColumns Locator="Review">AddNumFrom</OutColumns><OutColumns Locator="Review">AddNumTo</OutColumns><OutColumns Locator="Review">AddRange</OutColumns><OutColumns Locator="Review">Side</OutColumns><OutColumns Locator="Review">StPreDir</OutColumns><OutColumns Locator="Review">StPreType</OutColumns><OutColumns Locator="Review">StName</OutColumns><OutColumns Locator="Review">StType</OutColumns><OutColumns Locator="Review">StDir</OutColumns><OutColumns Locator="Review">BldgType</OutColumns><OutColumns Locator="Review">BldgName</OutColumns><OutColumns Locator="Review">LevelType</OutColumns><OutColumns Locator="Review">LevelName</OutColumns><OutColumns Locator="Review">UnitType</OutColumns><OutColumns Locator="Review">UnitName</OutColumns><OutColumns Locator="Review">SubAddr</OutColumns><OutColumns Locator="Review">StAddr</OutColumns><OutColumns Locator="Review">Block</OutColumns><OutColumns Locator="Review">Sector</OutColumns><OutColumns Locator="Review">Nbrhd</OutColumns><OutColumns Locator="Review">District</OutColumns><OutColumns Locator="Review">City</OutColumns><OutColumns Locator="Review">MetroArea</OutColumns><OutColumns Locator="Review">Subregion</OutColumns><OutColumns Locator="Review">Region</OutColumns><OutColumns Locator="Review">RegionAbbr</OutColumns><OutColumns Locator="Review">Territory</OutColumns><OutColumns Locator="Review">Zone</OutColumns><OutColumns Locator="Review">Postal</OutColumns><OutColumns Locator="Review">PostalExt</OutColumns><OutColumns Locator="Review">Country</OutColumns><OutColumns Locator="Review">CntryName</OutColumns><OutColumns Locator="Review">LangCode</OutColumns><OutColumns Locator="Review">Distance</OutColumns><OutColumns Locator="Review">X</OutColumns><OutColumns Locator="Review">Y</OutColumns><OutColumns Locator="Review">DisplayX</OutColumns><OutColumns Locator="Review">DisplayY</OutColumns><OutColumns Locator="Review">Xmin</OutColumns><OutColumns Locator="Review">Xmax</OutColumns><OutColumns Locator="Review">Ymin</OutColumns><OutColumns Locator="Review">Ymax</OutColumns><OutColumns Locator="Review">ExInfo</OutColumns><sourceCountry Locator="Review">US</sourceCountry><locationType Locator="Review">ROOFTOP</locationType></RematchLocator><DataProperties><lineage><Process ToolSource="c:\program files\arcgis\pro\Resources\ArcToolbox\toolboxes\Geocoding Tools.tbx\GeocodeAddresses" Date="20230102" Time="234824">GeocodeAddresses Inorganic_Data_All_Upto_2022_updated_New_data_ExcelToTable "https://geocode.arcgis.com/arcgis/rest/services/World/GeocodeServer/ArcGIS World Geocoding Service" "'Address or Place' Address VISIBLE NONE;Address2 &lt;None&gt; VISIBLE NONE;Address3 &lt;None&gt; VISIBLE NONE;Neighborhood &lt;None&gt; VISIBLE NONE;City City VISIBLE NONE;County &lt;None&gt; VISIBLE NONE;State State VISIBLE NONE;ZIP ZipCode VISIBLE NONE;ZIP4 &lt;None&gt; VISIBLE NONE;Country &lt;None&gt; VISIBLE NONE" C:\Users\jliu64\Documents\ArcGIS\Projects\MyProject12\MyProject12.gdb\Inorganic_Data_All_Upto_2022_updated_New_data_ExcelToTable_Geocoded STATIC US "Address location" # All</Process><Process ToolSource="c:\program files\arcgis\pro\Resources\ArcToolbox\toolboxes\Conversion Tools.tbx\ExportFeatures" Date="20230102" Time="235113">ExportFeatures Inorganic_Data_All_Upto_2022_updated_New_data_ExcelToTable_Geocoded C:\Users\jliu64\Documents\InorgaicData\Inorganic_data.shp # NOT_USE_ALIAS "Loc_name "Loc_name" true true false 20 Text 0 0,First,#,Inorganic_Data_All_Upto_2022_updated_New_data_ExcelToTable_Geocoded,Loc_name,0,20;Status "Status" true true true 1 Text 0 0,First,#,Inorganic_Data_All_Upto_2022_updated_New_data_ExcelToTable_Geocoded,Status,0,1;Score "Score" true true true 8 Double 0 0,First,#,Inorganic_Data_All_Upto_2022_updated_New_data_ExcelToTable_Geocoded,Score,-1,-1;Match_type "Match_type" true true false 2 Text 0 0,First,#,Inorganic_Data_All_Upto_2022_updated_New_data_ExcelToTable_Geocoded,Match_type,0,2;Match_addr "Match_addr" true true true 500 Text 0 0,First,#,Inorganic_Data_All_Upto_2022_updated_New_data_ExcelToTable_Geocoded,Match_addr,0,500;LongLabel "LongLabel" true true false 500 Text 0 0,First,#,Inorganic_Data_All_Upto_2022_updated_New_data_ExcelToTable_Geocoded,LongLabel,0,500;ShortLabel "ShortLabel" true true false 500 Text 0 0,First,#,Inorganic_Data_All_Upto_2022_updated_New_data_ExcelToTable_Geocoded,ShortLabel,0,500;Addr_type "Addr_type" true true false 20 Text 0 0,First,#,Inorganic_Data_All_Upto_2022_updated_New_data_ExcelToTable_Geocoded,Addr_type,0,20;Type "Type" true true false 50 Text 0 0,First,#,Inorganic_Data_All_Upto_2022_updated_New_data_ExcelToTable_Geocoded,Type,0,50;PlaceName "PlaceName" true true false 200 Text 0 0,First,#,Inorganic_Data_All_Upto_2022_updated_New_data_ExcelToTable_Geocoded,PlaceName,0,200;Place_addr "Place_addr" true true false 500 Text 0 0,First,#,Inorganic_Data_All_Upto_2022_updated_New_data_ExcelToTable_Geocoded,Place_addr,0,500;Phone "Phone" true true false 25 Text 0 0,First,#,Inorganic_Data_All_Upto_2022_updated_New_data_ExcelToTable_Geocoded,Phone,0,25;URL "URL" true true false 250 Text 0 0,First,#,Inorganic_Data_All_Upto_2022_updated_New_data_ExcelToTable_Geocoded,URL,0,250;Rank "Rank" true true false 8 Double 0 0,First,#,Inorganic_Data_All_Upto_2022_updated_New_data_ExcelToTable_Geocoded,Rank,-1,-1;AddBldg "BuildingName" true true false 125 Text 0 0,First,#,Inorganic_Data_All_Upto_2022_updated_New_data_ExcelToTable_Geocoded,AddBldg,0,125;AddNum "AddressNumber" true true false 50 Text 0 0,First,#,Inorganic_Data_All_Upto_2022_updated_New_data_ExcelToTable_Geocoded,AddNum,0,50;AddNumFrom "AddNumFrom" true true false 50 Text 0 0,First,#,Inorganic_Data_All_Upto_2022_updated_New_data_ExcelToTable_Geocoded,AddNumFrom,0,50;AddNumTo "AddNumTo" true true false 50 Text 0 0,First,#,Inorganic_Data_All_Upto_2022_updated_New_data_ExcelToTable_Geocoded,AddNumTo,0,50;AddRange "AddressRange" true true false 100 Text 0 0,First,#,Inorganic_Data_All_Upto_2022_updated_New_data_ExcelToTable_Geocoded,AddRange,0,100;Side "Side" true true false 1 Text 0 0,First,#,Inorganic_Data_All_Upto_2022_updated_New_data_ExcelToTable_Geocoded,Side,0,1;StPreDir "StPreDir" true true false 5 Text 0 0,First,#,Inorganic_Data_All_Upto_2022_updated_New_data_ExcelToTable_Geocoded,StPreDir,0,5;StPreType "StPreType" true true false 50 Text 0 0,First,#,Inorganic_Data_All_Upto_2022_updated_New_data_ExcelToTable_Geocoded,StPreType,0,50;StName "StName" true true false 125 Text 0 0,First,#,Inorganic_Data_All_Upto_2022_updated_New_data_ExcelToTable_Geocoded,StName,0,125;StType "StType" true true false 30 Text 0 0,First,#,Inorganic_Data_All_Upto_2022_updated_New_data_ExcelToTable_Geocoded,StType,0,30;StDir "StDir" true true false 20 Text 0 0,First,#,Inorganic_Data_All_Upto_2022_updated_New_data_ExcelToTable_Geocoded,StDir,0,20;BldgType "BldgType" true true false 20 Text 0 0,First,#,Inorganic_Data_All_Upto_2022_updated_New_data_ExcelToTable_Geocoded,BldgType,0,20;BldgName "BldgName" true true false 50 Text 0 0,First,#,Inorganic_Data_All_Upto_2022_updated_New_data_ExcelToTable_Geocoded,BldgName,0,50;LevelType "LevelType" true true false 20 Text 0 0,First,#,Inorganic_Data_All_Upto_2022_updated_New_data_ExcelToTable_Geocoded,LevelType,0,20;LevelName "LevelName" true true false 50 Text 0 0,First,#,Inorganic_Data_All_Upto_2022_updated_New_data_ExcelToTable_Geocoded,LevelName,0,50;UnitType "UnitType" true true false 20 Text 0 0,First,#,Inorganic_Data_All_Upto_2022_updated_New_data_ExcelToTable_Geocoded,UnitType,0,20;UnitName "UnitName" true true false 50 Text 0 0,First,#,Inorganic_Data_All_Upto_2022_updated_New_data_ExcelToTable_Geocoded,UnitName,0,50;SubAddr "SubAddress" true true false 250 Text 0 0,First,#,Inorganic_Data_All_Upto_2022_updated_New_data_ExcelToTable_Geocoded,SubAddr,0,250;StAddr "StAddr" true true false 300 Text 0 0,First,#,Inorganic_Data_All_Upto_2022_updated_New_data_ExcelToTable_Geocoded,StAddr,0,300;Block "Block" true true false 120 Text 0 0,First,#,Inorganic_Data_All_Upto_2022_updated_New_data_ExcelToTable_Geocoded,Block,0,120;Sector "Sector" true true false 120 Text 0 0,First,#,Inorganic_Data_All_Upto_2022_updated_New_data_ExcelToTable_Geocoded,Sector,0,120;Nbrhd "Neighborhood" true true false 120 Text 0 0,First,#,Inorganic_Data_All_Upto_2022_updated_New_data_ExcelToTable_Geocoded,Nbrhd,0,120;District "District" true true false 120 Text 0 0,First,#,Inorganic_Data_All_Upto_2022_updated_New_data_ExcelToTable_Geocoded,District,0,120;City "City" true true false 120 Text 0 0,First,#,Inorganic_Data_All_Upto_2022_updated_New_data_ExcelToTable_Geocoded,City,0,120;MetroArea "MetroArea" true true false 120 Text 0 0,First,#,Inorganic_Data_All_Upto_2022_updated_New_data_ExcelToTable_Geocoded,MetroArea,0,120;Subregion "Subregion" true true false 120 Text 0 0,First,#,Inorganic_Data_All_Upto_2022_updated_New_data_ExcelToTable_Geocoded,Subregion,0,120;Region "Region" true true false 120 Text 0 0,First,#,Inorganic_Data_All_Upto_2022_updated_New_data_ExcelToTable_Geocoded,Region,0,120;RegionAbbr "RegionAbbr" true true false 50 Text 0 0,First,#,Inorganic_Data_All_Upto_2022_updated_New_data_ExcelToTable_Geocoded,RegionAbbr,0,50;Territory "Territory" true true false 120 Text 0 0,First,#,Inorganic_Data_All_Upto_2022_updated_New_data_ExcelToTable_Geocoded,Territory,0,120;Zone "Zone" true true false 100 Text 0 0,First,#,Inorganic_Data_All_Upto_2022_updated_New_data_ExcelToTable_Geocoded,Zone,0,100;Postal "Postal" true true false 20 Text 0 0,First,#,Inorganic_Data_All_Upto_2022_updated_New_data_ExcelToTable_Geocoded,Postal,0,20;PostalExt "PostalExt" true true false 10 Text 0 0,First,#,Inorganic_Data_All_Upto_2022_updated_New_data_ExcelToTable_Geocoded,PostalExt,0,10;Country "Country" true true false 30 Text 0 0,First,#,Inorganic_Data_All_Upto_2022_updated_New_data_ExcelToTable_Geocoded,Country,0,30;CntryName "CountryName" true true false 100 Text 0 0,First,#,Inorganic_Data_All_Upto_2022_updated_New_data_ExcelToTable_Geocoded,CntryName,0,100;LangCode "LangCode" true true false 5 Text 0 0,First,#,Inorganic_Data_All_Upto_2022_updated_New_data_ExcelToTable_Geocoded,LangCode,0,5;Distance "Distance" true true false 8 Double 0 0,First,#,Inorganic_Data_All_Upto_2022_updated_New_data_ExcelToTable_Geocoded,Distance,-1,-1;X "X" true true false 8 Double 0 0,First,#,Inorganic_Data_All_Upto_2022_updated_New_data_ExcelToTable_Geocoded,X,-1,-1;Y "Y" true true false 8 Double 0 0,First,#,Inorganic_Data_All_Upto_2022_updated_New_data_ExcelToTable_Geocoded,Y,-1,-1;DisplayX "DisplayX" true true false 8 Double 0 0,First,#,Inorganic_Data_All_Upto_2022_updated_New_data_ExcelToTable_Geocoded,DisplayX,-1,-1;DisplayY "DisplayY" true true false 8 Double 0 0,First,#,Inorganic_Data_All_Upto_2022_updated_New_data_ExcelToTable_Geocoded,DisplayY,-1,-1;Xmin "Xmin" true true false 8 Double 0 0,First,#,Inorganic_Data_All_Upto_2022_updated_New_data_ExcelToTable_Geocoded,Xmin,-1,-1;Xmax "Xmax" true true false 8 Double 0 0,First,#,Inorganic_Data_All_Upto_2022_updated_New_data_ExcelToTable_Geocoded,Xmax,-1,-1;Ymin "Ymin" true true false 8 Double 0 0,First,#,Inorganic_Data_All_Upto_2022_updated_New_data_ExcelToTable_Geocoded,Ymin,-1,-1;Ymax "Ymax" true true false 8 Double 0 0,First,#,Inorganic_Data_All_Upto_2022_updated_New_data_ExcelToTable_Geocoded,Ymax,-1,-1;ExInfo "ExtraInfo" true true false 500 Text 0 0,First,#,Inorganic_Data_All_Upto_2022_updated_New_data_ExcelToTable_Geocoded,ExInfo,0,500;IN_Address "Address or Place" true true false 100 Text 0 0,First,#,Inorganic_Data_All_Upto_2022_updated_New_data_ExcelToTable_Geocoded,IN_Address,0,100;IN_Address2 "Address2" true true false 100 Text 0 0,First,#,Inorganic_Data_All_Upto_2022_updated_New_data_ExcelToTable_Geocoded,IN_Address2,0,100;IN_Address3 "Address3" true true false 100 Text 0 0,First,#,Inorganic_Data_All_Upto_2022_updated_New_data_ExcelToTable_Geocoded,IN_Address3,0,100;IN_Neighborhood "Neighborhood" true true false 50 Text 0 0,First,#,Inorganic_Data_All_Upto_2022_updated_New_data_ExcelToTable_Geocoded,IN_Neighborhood,0,50;IN_City "City" true true false 50 Text 0 0,First,#,Inorganic_Data_All_Upto_2022_updated_New_data_ExcelToTable_Geocoded,IN_City,0,50;IN_Subregion "County" true true false 50 Text 0 0,First,#,Inorganic_Data_All_Upto_2022_updated_New_data_ExcelToTable_Geocoded,IN_Subregion,0,50;IN_Region "State" true true false 50 Text 0 0,First,#,Inorganic_Data_All_Upto_2022_updated_New_data_ExcelToTable_Geocoded,IN_Region,0,50;IN_Postal "ZIP" true true false 20 Text 0 0,First,#,Inorganic_Data_All_Upto_2022_updated_New_data_ExcelToTable_Geocoded,IN_Postal,0,20;IN_PostalExt "ZIP4" true true false 20 Text 0 0,First,#,Inorganic_Data_All_Upto_2022_updated_New_data_ExcelToTable_Geocoded,IN_PostalExt,0,20;IN_CountryCode "Country" true true false 100 Text 0 0,First,#,Inorganic_Data_All_Upto_2022_updated_New_data_ExcelToTable_Geocoded,IN_CountryCode,0,100;USER_COL_A "COL_A" true true false 4 Long 0 0,First,#,Inorganic_Data_All_Upto_2022_updated_New_data_ExcelToTable_Geocoded,USER_COL_A,-1,-1;USER_Data_ID "Data ID" true true false 255 Text 0 0,First,#,Inorganic_Data_All_Upto_2022_updated_New_data_ExcelToTable_Geocoded,USER_Data_ID,0,255;USER_Client_Name "Client Name" true true false 255 Text 0 0,First,#,Inorganic_Data_All_Upto_2022_updated_New_data_ExcelToTable_Geocoded,USER_Client_Name,0,255;USER_Address "Address" true true false 255 Text 0 0,First,#,Inorganic_Data_All_Upto_2022_updated_New_data_ExcelToTable_Geocoded,USER_Address,0,255;USER_City "City" true true false 255 Text 0 0,First,#,Inorganic_Data_All_Upto_2022_updated_New_data_ExcelToTable_Geocoded,USER_City,0,255;USER_State "State" true true false 255 Text 0 0,First,#,Inorganic_Data_All_Upto_2022_updated_New_data_ExcelToTable_Geocoded,USER_State,0,255;USER_ZipCode "ZipCode" true true false 4 Long 0 0,First,#,Inorganic_Data_All_Upto_2022_updated_New_data_ExcelToTable_Geocoded,USER_ZipCode,-1,-1;USER_Well_Permit__ "Well Permit #" true true false 255 Text 0 0,First,#,Inorganic_Data_All_Upto_2022_updated_New_data_ExcelToTable_Geocoded,USER_Well_Permit__,0,255;USER_STARLIMS_ID "STARLIMS ID" true true false 255 Text 0 0,First,#,Inorganic_Data_All_Upto_2022_updated_New_data_ExcelToTable_Geocoded,USER_STARLIMS_ID,0,255;USER_Collection_Date "Collection Date" true true false 255 Text 0 0,First,#,Inorganic_Data_All_Upto_2022_updated_New_data_ExcelToTable_Geocoded,USER_Collection_Date,0,255;USER_Sampling_Point "Sampling Point" true true false 255 Text 0 0,First,#,Inorganic_Data_All_Upto_2022_updated_New_data_ExcelToTable_Geocoded,USER_Sampling_Point,0,255;USER_Unit "Unit" true true false 255 Text 0 0,First,#,Inorganic_Data_All_Upto_2022_updated_New_data_ExcelToTable_Geocoded,USER_Unit,0,255;USER_Aluminum "Aluminum" true true false 255 Text 0 0,First,#,Inorganic_Data_All_Upto_2022_updated_New_data_ExcelToTable_Geocoded,USER_Aluminum,0,255;USER_Antimony "Antimony" true true false 255 Text 0 0,First,#,Inorganic_Data_All_Upto_2022_updated_New_data_ExcelToTable_Geocoded,USER_Antimony,0,255;USER_Arsenic "Arsenic" true true false 255 Text 0 0,First,#,Inorganic_Data_All_Upto_2022_updated_New_data_ExcelToTable_Geocoded,USER_Arsenic,0,255;USER_Barium "Barium" true true false 255 Text 0 0,First,#,Inorganic_Data_All_Upto_2022_updated_New_data_ExcelToTable_Geocoded,USER_Barium,0,255;USER_Beryllium "Beryllium" true true false 255 Text 0 0,First,#,Inorganic_Data_All_Upto_2022_updated_New_data_ExcelToTable_Geocoded,USER_Beryllium,0,255;USER_Boron "Boron" true true false 255 Text 0 0,First,#,Inorganic_Data_All_Upto_2022_updated_New_data_ExcelToTable_Geocoded,USER_Boron,0,255;USER_Cadmium "Cadmium" true true false 255 Text 0 0,First,#,Inorganic_Data_All_Upto_2022_updated_New_data_ExcelToTable_Geocoded,USER_Cadmium,0,255;USER_Calcium "Calcium" true true false 255 Text 0 0,First,#,Inorganic_Data_All_Upto_2022_updated_New_data_ExcelToTable_Geocoded,USER_Calcium,0,255;USER_Chloride "Chloride" true true false 255 Text 0 0,First,#,Inorganic_Data_All_Upto_2022_updated_New_data_ExcelToTable_Geocoded,USER_Chloride,0,255;USER_Chromium "Chromium" true true false 255 Text 0 0,First,#,Inorganic_Data_All_Upto_2022_updated_New_data_ExcelToTable_Geocoded,USER_Chromium,0,255;USER_Cobalt "Cobalt" true true false 255 Text 0 0,First,#,Inorganic_Data_All_Upto_2022_updated_New_data_ExcelToTable_Geocoded,USER_Cobalt,0,255;USER_Copper "Copper" true true false 255 Text 0 0,First,#,Inorganic_Data_All_Upto_2022_updated_New_data_ExcelToTable_Geocoded,USER_Copper,0,255;USER_Fluoride "Fluoride" true true false 255 Text 0 0,First,#,Inorganic_Data_All_Upto_2022_updated_New_data_ExcelToTable_Geocoded,USER_Fluoride,0,255;USER_Iron "Iron" true true false 255 Text 0 0,First,#,Inorganic_Data_All_Upto_2022_updated_New_data_ExcelToTable_Geocoded,USER_Iron,0,255;USER_Lead "Lead" true true false 255 Text 0 0,First,#,Inorganic_Data_All_Upto_2022_updated_New_data_ExcelToTable_Geocoded,USER_Lead,0,255;USER_Magnesium "Magnesium" true true false 255 Text 0 0,First,#,Inorganic_Data_All_Upto_2022_updated_New_data_ExcelToTable_Geocoded,USER_Magnesium,0,255;USER_Manganese "Manganese" true true false 255 Text 0 0,First,#,Inorganic_Data_All_Upto_2022_updated_New_data_ExcelToTable_Geocoded,USER_Manganese,0,255;USER_Mercury "Mercury" true true false 255 Text 0 0,First,#,Inorganic_Data_All_Upto_2022_updated_New_data_ExcelToTable_Geocoded,USER_Mercury,0,255;USER_Molybdenum "Molybdenum" true true false 255 Text 0 0,First,#,Inorganic_Data_All_Upto_2022_updated_New_data_ExcelToTable_Geocoded,USER_Molybdenum,0,255;USER_Nickel "Nickel" true true false 255 Text 0 0,First,#,Inorganic_Data_All_Upto_2022_updated_New_data_ExcelToTable_Geocoded,USER_Nickel,0,255;USER_Nitrate "Nitrate" true true false 255 Text 0 0,First,#,Inorganic_Data_All_Upto_2022_updated_New_data_ExcelToTable_Geocoded,USER_Nitrate,0,255;USER_Nitrite "Nitrite" true true false 255 Text 0 0,First,#,Inorganic_Data_All_Upto_2022_updated_New_data_ExcelToTable_Geocoded,USER_Nitrite,0,255;USER_pH "pH" true true false 8 Double 0 0,First,#,Inorganic_Data_All_Upto_2022_updated_New_data_ExcelToTable_Geocoded,USER_pH,-1,-1;USER_Potassium "Potassium" true true false 8 Double 0 0,First,#,Inorganic_Data_All_Upto_2022_updated_New_data_ExcelToTable_Geocoded,USER_Potassium,-1,-1;USER_Selenium "Selenium" true true false 255 Text 0 0,First,#,Inorganic_Data_All_Upto_2022_updated_New_data_ExcelToTable_Geocoded,USER_Selenium,0,255;USER_Silver "Silver" true true false 255 Text 0 0,First,#,Inorganic_Data_All_Upto_2022_updated_New_data_ExcelToTable_Geocoded,USER_Silver,0,255;USER_Strontium "Strontium" true true false 255 Text 0 0,First,#,Inorganic_Data_All_Upto_2022_updated_New_data_ExcelToTable_Geocoded,USER_Strontium,0,255;USER_Sodium "Sodium" true true false 255 Text 0 0,First,#,Inorganic_Data_All_Upto_2022_updated_New_data_ExcelToTable_Geocoded,USER_Sodium,0,255;USER_Sulfate "Sulfate" true true false 255 Text 0 0,First,#,Inorganic_Data_All_Upto_2022_updated_New_data_ExcelToTable_Geocoded,USER_Sulfate,0,255;USER_Thallium "Thallium" true true false 255 Text 0 0,First,#,Inorganic_Data_All_Upto_2022_updated_New_data_ExcelToTable_Geocoded,USER_Thallium,0,255;USER_Total_Alkalinity "Total Alkalinity" true true false 255 Text 0 0,First,#,Inorganic_Data_All_Upto_2022_updated_New_data_ExcelToTable_Geocoded,USER_Total_Alkalinity,0,255;USER_Total_Dissolved_Solids "Total Dissolved Solids" true true false 4 Long 0 0,First,#,Inorganic_Data_All_Upto_2022_updated_New_data_ExcelToTable_Geocoded,USER_Total_Dissolved_Solids,-1,-1;USER_Total_Hardness "Total Hardness" true true false 255 Text 0 0,First,#,Inorganic_Data_All_Upto_2022_updated_New_data_ExcelToTable_Geocoded,USER_Total_Hardness,0,255;USER_Total_Suspended_Solids "Total Suspended Solids" true true false 255 Text 0 0,First,#,Inorganic_Data_All_Upto_2022_updated_New_data_ExcelToTable_Geocoded,USER_Total_Suspended_Solids,0,255;USER_Vanadium "Vanadium" true true false 8 Double 0 0,First,#,Inorganic_Data_All_Upto_2022_updated_New_data_ExcelToTable_Geocoded,USER_Vanadium,-1,-1;USER_Zinc "Zinc" true true false 255 Text 0 0,First,#,Inorganic_Data_All_Upto_2022_updated_New_data_ExcelToTable_Geocoded,USER_Zinc,0,255;USER_Hexavalent_Chromium "Hexavalent Chromium" true true false 8 Double 0 0,First,#,Inorganic_Data_All_Upto_2022_updated_New_data_ExcelToTable_Geocoded,USER_Hexavalent_Chromium,-1,-1" #</Process></lineage><itemProps><itemName Sync="TRUE">Inorganic_data</itemName><imsContentType Sync="TRUE">002</imsContentType><itemSize Sync="TRUE">0.000</itemSize><itemLocation><linkage Sync="TRUE">file://\\CAGISCXRP0M2WWS\C$\Users\jliu64\Documents\InorgaicData\Inorganic_data.shp</linkage><protocol Sync="TRUE">Local Area Network</protocol></itemLocation></itemProps><coordRef><type Sync="TRUE">Geographic</type><geogcsn Sync="TRUE">GCS_WGS_1984</geogcsn><csUnits Sync="TRUE">Angular Unit: Degree (0.017453)</csUnits><peXml Sync="TRUE">&lt;GeographicCoordinateSystem xsi:type='typens:GeographicCoordinateSystem' xmlns:xsi='http://www.w3.org/2001/XMLSchema-instance' xmlns:xs='http://www.w3.org/2001/XMLSchema' xmlns:typens='http://www.esri.com/schemas/ArcGIS/3.0.0'&gt;&lt;WKT&gt;GEOGCS[&amp;quot;GCS_WGS_1984&amp;quot;,DATUM[&amp;quot;D_WGS_1984&amp;quot;,SPHEROID[&amp;quot;WGS_1984&amp;quot;,6378137.0,298.257223563]],PRIMEM[&amp;quot;Greenwich&amp;quot;,0.0],UNIT[&amp;quot;Degree&amp;quot;,0.0174532925199433],AUTHORITY[&amp;quot;EPSG&amp;quot;,4326]]&lt;/WKT&gt;&lt;XOrigin&gt;-400&lt;/XOrigin&gt;&lt;YOrigin&gt;-400&lt;/YOrigin&gt;&lt;XYScale&gt;11258999068426.238&lt;/XYScale&gt;&lt;ZOrigin&gt;-100000&lt;/ZOrigin&gt;&lt;ZScale&gt;10000&lt;/ZScale&gt;&lt;MOrigin&gt;-100000&lt;/MOrigin&gt;&lt;MScale&gt;10000&lt;/MScale&gt;&lt;XYTolerance&gt;8.983152841195215e-09&lt;/XYTolerance&gt;&lt;ZTolerance&gt;0.001&lt;/ZTolerance&gt;&lt;MTolerance&gt;0.001&lt;/MTolerance&gt;&lt;HighPrecision&gt;true&lt;/HighPrecision&gt;&lt;LeftLongitude&gt;-180&lt;/LeftLongitude&gt;&lt;WKID&gt;4326&lt;/WKID&gt;&lt;LatestWKID&gt;4326&lt;/LatestWKID&gt;&lt;/GeographicCoordinateSystem&gt;</peXml></coordRef></DataProperties><SyncDate>20230102</SyncDate><SyncTime>23511300</SyncTime><ModDate>20230102</ModDate><ModTime>23511300</ModTime></Esri><dataIdInfo><envirDesc Sync="TRUE">Microsoft Windows 10 Version 10.0 (Build 19044) ; Esri ArcGIS 13.0.0.36056</envirDesc><dataLang><languageCode value="eng" Sync="TRUE"></languageCode><countryCode value="USA" Sync="TRUE"></countryCode></dataLang><idCitation><resTitle Sync="TRUE">Inorganic_data</resTitle><presForm><PresFormCd value="005" Sync="TRUE"></PresFormCd></presForm></idCitation><spatRpType><SpatRepTypCd value="001" Sync="TRUE"></SpatRepTypCd></spatRpType></dataIdInfo><mdLang><languageCode value="eng" Sync="TRUE"></languageCode><countryCode value="USA" Sync="TRUE"></countryCode></mdLang><distInfo><distFormat><formatName Sync="TRUE">Shapefile</formatName></distFormat><distTranOps><transSize Sync="TRUE">0.000</transSize></distTranOps></distInfo><mdHrLv><ScopeCd value="005" Sync="TRUE"></ScopeCd></mdHrLv><mdHrLvName Sync="TRUE">dataset</mdHrLvName><refSysInfo><RefSystem><refSysID><identCode code="4326" Sync="TRUE"></identCode><idCodeSpace Sync="TRUE">EPSG</idCodeSpace><idVersion Sync="TRUE">6.2(3.0.1)</idVersion></refSysID></RefSystem></refSysInfo><spatRepInfo><VectSpatRep><geometObjs Name="Inorganic_data"><geoObjTyp><GeoObjTypCd value="004" Sync="TRUE"></GeoObjTypCd></geoObjTyp><geoObjCnt Sync="TRUE">0</geoObjCnt></geometObjs><topLvl><TopoLevCd value="001" Sync="TRUE"></TopoLevCd></topLvl></VectSpatRep></spatRepInfo><spdoinfo><ptvctinf><esriterm Name="Inorganic_data"><efeatyp Sync="TRUE">Simple</efeatyp><efeageom code="1" Sync="TRUE"></efeageom><esritopo Sync="TRUE">FALSE</esritopo><efeacnt Sync="TRUE">0</efeacnt><spindex Sync="TRUE">FALSE</spindex><linrefer Sync="TRUE">FALSE</linrefer></esriterm></ptvctinf></spdoinfo><eainfo><detailed Name="Inorganic_data"><enttyp><enttypl Sync="TRUE">Inorganic_data</enttypl><enttypt Sync="TRUE">Feature Class</enttypt><enttypc Sync="TRUE">0</enttypc></enttyp><attr><attrlabl Sync="TRUE">FID</attrlabl><attalias Sync="TRUE">FID</attalias><attrtype Sync="TRUE">OID</attrtype><attwidth Sync="TRUE">4</attwidth><atprecis Sync="TRUE">0</atprecis><attscale Sync="TRUE">0</attscale><attrdef Sync="TRUE">Internal feature number.</attrdef><attrdefs Sync="TRUE">Esri</attrdefs><attrdomv><udom Sync="TRUE">Sequential unique whole numbers that are automatically generated.</udom></attrdomv></attr><attr><attrlabl Sync="TRUE">Shape</attrlabl><attalias Sync="TRUE">Shape</attalias><attrtype Sync="TRUE">Geometry</attrtype><attwidth Sync="TRUE">0</attwidth><atprecis Sync="TRUE">0</atprecis><attscale Sync="TRUE">0</attscale><attrdef Sync="TRUE">Feature geometry.</attrdef><attrdefs Sync="TRUE">Esri</attrdefs><attrdomv><udom Sync="TRUE">Coordinates defining the features.</udom></attrdomv></attr><attr><attrlabl Sync="TRUE">Loc_name</attrlabl><attalias Sync="TRUE">Loc_name</attalias><attrtype Sync="TRUE">String</attrtype><attwidth Sync="TRUE">20</attwidth><atprecis Sync="TRUE">0</atprecis><attscale Sync="TRUE">0</attscale></attr><attr><attrlabl Sync="TRUE">Status</attrlabl><attalias Sync="TRUE">Status</attalias><attrtype Sync="TRUE">String</attrtype><attwidth Sync="TRUE">1</attwidth><atprecis Sync="TRUE">0</atprecis><attscale Sync="TRUE">0</attscale></attr><attr><attrlabl Sync="TRUE">Score</attrlabl><attalias Sync="TRUE">Score</attalias><attrtype Sync="TRUE">Double</attrtype><attwidth Sync="TRUE">19</attwidth><atprecis Sync="TRUE">0</atprecis><attscale Sync="TRUE">0</attscale></attr><attr><attrlabl Sync="TRUE">Match_type</attrlabl><attalias Sync="TRUE">Match_type</attalias><attrtype Sync="TRUE">String</attrtype><attwidth Sync="TRUE">2</attwidth><atprecis Sync="TRUE">0</atprecis><attscale Sync="TRUE">0</attscale></attr><attr><attrlabl Sync="TRUE">Match_addr</attrlabl><attalias Sync="TRUE">Match_addr</attalias><attrtype Sync="TRUE">String</attrtype><attwidth Sync="TRUE">254</attwidth><atprecis Sync="TRUE">0</atprecis><attscale Sync="TRUE">0</attscale></attr><attr><attrlabl Sync="TRUE">LongLabel</attrlabl><attalias Sync="TRUE">LongLabel</attalias><attrtype Sync="TRUE">String</attrtype><attwidth Sync="TRUE">254</attwidth><atprecis Sync="TRUE">0</atprecis><attscale Sync="TRUE">0</attscale></attr><attr><attrlabl Sync="TRUE">ShortLabel</attrlabl><attalias Sync="TRUE">ShortLabel</attalias><attrtype Sync="TRUE">String</attrtype><attwidth Sync="TRUE">254</attwidth><atprecis Sync="TRUE">0</atprecis><attscale Sync="TRUE">0</attscale></attr><attr><attrlabl Sync="TRUE">Addr_type</attrlabl><attalias Sync="TRUE">Addr_type</attalias><attrtype Sync="TRUE">String</attrtype><attwidth Sync="TRUE">20</attwidth><atprecis Sync="TRUE">0</atprecis><attscale Sync="TRUE">0</attscale></attr><attr><attrlabl Sync="TRUE">Type</attrlabl><attalias Sync="TRUE">Type</attalias><attrtype Sync="TRUE">String</attrtype><attwidth Sync="TRUE">50</attwidth><atprecis Sync="TRUE">0</atprecis><attscale Sync="TRUE">0</attscale></attr><attr><attrlabl Sync="TRUE">PlaceName</attrlabl><attalias Sync="TRUE">PlaceName</attalias><attrtype Sync="TRUE">String</attrtype><attwidth Sync="TRUE">200</attwidth><atprecis Sync="TRUE">0</atprecis><attscale Sync="TRUE">0</attscale></attr><attr><attrlabl Sync="TRUE">Place_addr</attrlabl><attalias Sync="TRUE">Place_addr</attalias><attrtype Sync="TRUE">String</attrtype><attwidth Sync="TRUE">254</attwidth><atprecis Sync="TRUE">0</atprecis><attscale Sync="TRUE">0</attscale></attr><attr><attrlabl Sync="TRUE">Phone</attrlabl><attalias Sync="TRUE">Phone</attalias><attrtype Sync="TRUE">String</attrtype><attwidth Sync="TRUE">25</attwidth><atprecis Sync="TRUE">0</atprecis><attscale Sync="TRUE">0</attscale></attr><attr><attrlabl Sync="TRUE">URL</attrlabl><attalias Sync="TRUE">URL</attalias><attrtype Sync="TRUE">String</attrtype><attwidth Sync="TRUE">250</attwidth><atprecis Sync="TRUE">0</atprecis><attscale Sync="TRUE">0</attscale></attr><attr><attrlabl Sync="TRUE">Rank</attrlabl><attalias Sync="TRUE">Rank</attalias><attrtype Sync="TRUE">Double</attrtype><attwidth Sync="TRUE">19</attwidth><atprecis Sync="TRUE">0</atprecis><attscale Sync="TRUE">0</attscale></attr><attr><attrlabl Sync="TRUE">AddBldg</attrlabl><attalias Sync="TRUE">AddBldg</attalias><attrtype Sync="TRUE">String</attrtype><attwidth Sync="TRUE">125</attwidth><atprecis Sync="TRUE">0</atprecis><attscale Sync="TRUE">0</attscale></attr><attr><attrlabl Sync="TRUE">AddNum</attrlabl><attalias Sync="TRUE">AddNum</attalias><attrtype Sync="TRUE">String</attrtype><attwidth Sync="TRUE">50</attwidth><atprecis Sync="TRUE">0</atprecis><attscale Sync="TRUE">0</attscale></attr><attr><attrlabl Sync="TRUE">AddNumFrom</attrlabl><attalias Sync="TRUE">AddNumFrom</attalias><attrtype Sync="TRUE">String</attrtype><attwidth Sync="TRUE">50</attwidth><atprecis Sync="TRUE">0</atprecis><attscale Sync="TRUE">0</attscale></attr><attr><attrlabl Sync="TRUE">AddNumTo</attrlabl><attalias Sync="TRUE">AddNumTo</attalias><attrtype Sync="TRUE">String</attrtype><attwidth Sync="TRUE">50</attwidth><atprecis Sync="TRUE">0</atprecis><attscale Sync="TRUE">0</attscale></attr><attr><attrlabl Sync="TRUE">AddRange</attrlabl><attalias Sync="TRUE">AddRange</attalias><attrtype Sync="TRUE">String</attrtype><attwidth Sync="TRUE">100</attwidth><atprecis Sync="TRUE">0</atprecis><attscale Sync="TRUE">0</attscale></attr><attr><attrlabl Sync="TRUE">Side</attrlabl><attalias Sync="TRUE">Side</attalias><attrtype Sync="TRUE">String</attrtype><attwidth Sync="TRUE">1</attwidth><atprecis Sync="TRUE">0</atprecis><attscale Sync="TRUE">0</attscale></attr><attr><attrlabl Sync="TRUE">StPreDir</attrlabl><attalias Sync="TRUE">StPreDir</attalias><attrtype Sync="TRUE">String</attrtype><attwidth Sync="TRUE">5</attwidth><atprecis Sync="TRUE">0</atprecis><attscale Sync="TRUE">0</attscale></attr><attr><attrlabl Sync="TRUE">StPreType</attrlabl><attalias Sync="TRUE">StPreType</attalias><attrtype Sync="TRUE">String</attrtype><attwidth Sync="TRUE">50</attwidth><atprecis Sync="TRUE">0</atprecis><attscale Sync="TRUE">0</attscale></attr><attr><attrlabl Sync="TRUE">StName</attrlabl><attalias Sync="TRUE">StName</attalias><attrtype Sync="TRUE">String</attrtype><attwidth Sync="TRUE">125</attwidth><atprecis Sync="TRUE">0</atprecis><attscale Sync="TRUE">0</attscale></attr><attr><attrlabl Sync="TRUE">StType</attrlabl><attalias Sync="TRUE">StType</attalias><attrtype Sync="TRUE">String</attrtype><attwidth Sync="TRUE">30</attwidth><atprecis Sync="TRUE">0</atprecis><attscale Sync="TRUE">0</attscale></attr><attr><attrlabl Sync="TRUE">StDir</attrlabl><attalias Sync="TRUE">StDir</attalias><attrtype Sync="TRUE">String</attrtype><attwidth Sync="TRUE">20</attwidth><atprecis Sync="TRUE">0</atprecis><attscale Sync="TRUE">0</attscale></attr><attr><attrlabl Sync="TRUE">BldgType</attrlabl><attalias Sync="TRUE">BldgType</attalias><attrtype Sync="TRUE">String</attrtype><attwidth Sync="TRUE">20</attwidth><atprecis Sync="TRUE">0</atprecis><attscale Sync="TRUE">0</attscale></attr><attr><attrlabl Sync="TRUE">BldgName</attrlabl><attalias Sync="TRUE">BldgName</attalias><attrtype Sync="TRUE">String</attrtype><attwidth Sync="TRUE">50</attwidth><atprecis Sync="TRUE">0</atprecis><attscale Sync="TRUE">0</attscale></attr><attr><attrlabl Sync="TRUE">LevelType</attrlabl><attalias Sync="TRUE">LevelType</attalias><attrtype Sync="TRUE">String</attrtype><attwidth Sync="TRUE">20</attwidth><atprecis Sync="TRUE">0</atprecis><attscale Sync="TRUE">0</attscale></attr><attr><attrlabl Sync="TRUE">LevelName</attrlabl><attalias Sync="TRUE">LevelName</attalias><attrtype Sync="TRUE">String</attrtype><attwidth Sync="TRUE">50</attwidth><atprecis Sync="TRUE">0</atprecis><attscale Sync="TRUE">0</attscale></attr><attr><attrlabl Sync="TRUE">UnitType</attrlabl><attalias Sync="TRUE">UnitType</attalias><attrtype Sync="TRUE">String</attrtype><attwidth Sync="TRUE">20</attwidth><atprecis Sync="TRUE">0</atprecis><attscale Sync="TRUE">0</attscale></attr><attr><attrlabl Sync="TRUE">UnitName</attrlabl><attalias Sync="TRUE">UnitName</attalias><attrtype Sync="TRUE">String</attrtype><attwidth Sync="TRUE">50</attwidth><atprecis Sync="TRUE">0</atprecis><attscale Sync="TRUE">0</attscale></attr><attr><attrlabl Sync="TRUE">SubAddr</attrlabl><attalias Sync="TRUE">SubAddr</attalias><attrtype Sync="TRUE">String</attrtype><attwidth Sync="TRUE">250</attwidth><atprecis Sync="TRUE">0</atprecis><attscale Sync="TRUE">0</attscale></attr><attr><attrlabl Sync="TRUE">StAddr</attrlabl><attalias Sync="TRUE">StAddr</attalias><attrtype Sync="TRUE">String</attrtype><attwidth Sync="TRUE">254</attwidth><atprecis Sync="TRUE">0</atprecis><attscale Sync="TRUE">0</attscale></attr><attr><attrlabl Sync="TRUE">Block</attrlabl><attalias Sync="TRUE">Block</attalias><attrtype Sync="TRUE">String</attrtype><attwidth Sync="TRUE">120</attwidth><atprecis Sync="TRUE">0</atprecis><attscale Sync="TRUE">0</attscale></attr><attr><attrlabl Sync="TRUE">Sector</attrlabl><attalias Sync="TRUE">Sector</attalias><attrtype Sync="TRUE">String</attrtype><attwidth Sync="TRUE">120</attwidth><atprecis Sync="TRUE">0</atprecis><attscale Sync="TRUE">0</attscale></attr><attr><attrlabl Sync="TRUE">Nbrhd</attrlabl><attalias Sync="TRUE">Nbrhd</attalias><attrtype Sync="TRUE">String</attrtype><attwidth Sync="TRUE">120</attwidth><atprecis Sync="TRUE">0</atprecis><attscale Sync="TRUE">0</attscale></attr><attr><attrlabl Sync="TRUE">District</attrlabl><attalias Sync="TRUE">District</attalias><attrtype Sync="TRUE">String</attrtype><attwidth Sync="TRUE">120</attwidth><atprecis Sync="TRUE">0</atprecis><attscale Sync="TRUE">0</attscale></attr><attr><attrlabl Sync="TRUE">City</attrlabl><attalias Sync="TRUE">City</attalias><attrtype Sync="TRUE">String</attrtype><attwidth Sync="TRUE">120</attwidth><atprecis Sync="TRUE">0</atprecis><attscale Sync="TRUE">0</attscale></attr><attr><attrlabl Sync="TRUE">MetroArea</attrlabl><attalias Sync="TRUE">MetroArea</attalias><attrtype Sync="TRUE">String</attrtype><attwidth Sync="TRUE">120</attwidth><atprecis Sync="TRUE">0</atprecis><attscale Sync="TRUE">0</attscale></attr><attr><attrlabl Sync="TRUE">Subregion</attrlabl><attalias Sync="TRUE">Subregion</attalias><attrtype Sync="TRUE">String</attrtype><attwidth Sync="TRUE">120</attwidth><atprecis Sync="TRUE">0</atprecis><attscale Sync="TRUE">0</attscale></attr><attr><attrlabl Sync="TRUE">Region</attrlabl><attalias Sync="TRUE">Region</attalias><attrtype Sync="TRUE">String</attrtype><attwidth Sync="TRUE">120</attwidth><atprecis Sync="TRUE">0</atprecis><attscale Sync="TRUE">0</attscale></attr><attr><attrlabl Sync="TRUE">RegionAbbr</attrlabl><attalias Sync="TRUE">RegionAbbr</attalias><attrtype Sync="TRUE">String</attrtype><attwidth Sync="TRUE">50</attwidth><atprecis Sync="TRUE">0</atprecis><attscale Sync="TRUE">0</attscale></attr><attr><attrlabl Sync="TRUE">Territory</attrlabl><attalias Sync="TRUE">Territory</attalias><attrtype Sync="TRUE">String</attrtype><attwidth Sync="TRUE">120</attwidth><atprecis Sync="TRUE">0</atprecis><attscale Sync="TRUE">0</attscale></attr><attr><attrlabl Sync="TRUE">Zone</attrlabl><attalias Sync="TRUE">Zone</attalias><attrtype Sync="TRUE">String</attrtype><attwidth Sync="TRUE">100</attwidth><atprecis Sync="TRUE">0</atprecis><attscale Sync="TRUE">0</attscale></attr><attr><attrlabl Sync="TRUE">Postal</attrlabl><attalias Sync="TRUE">Postal</attalias><attrtype Sync="TRUE">String</attrtype><attwidth Sync="TRUE">20</attwidth><atprecis Sync="TRUE">0</atprecis><attscale Sync="TRUE">0</attscale></attr><attr><attrlabl Sync="TRUE">PostalExt</attrlabl><attalias Sync="TRUE">PostalExt</attalias><attrtype Sync="TRUE">String</attrtype><attwidth Sync="TRUE">10</attwidth><atprecis Sync="TRUE">0</atprecis><attscale Sync="TRUE">0</attscale></attr><attr><attrlabl Sync="TRUE">Country</attrlabl><attalias Sync="TRUE">Country</attalias><attrtype Sync="TRUE">String</attrtype><attwidth Sync="TRUE">30</attwidth><atprecis Sync="TRUE">0</atprecis><attscale Sync="TRUE">0</attscale></attr><attr><attrlabl Sync="TRUE">CntryName</attrlabl><attalias Sync="TRUE">CntryName</attalias><attrtype Sync="TRUE">String</attrtype><attwidth Sync="TRUE">100</attwidth><atprecis Sync="TRUE">0</atprecis><attscale Sync="TRUE">0</attscale></attr><attr><attrlabl Sync="TRUE">LangCode</attrlabl><attalias Sync="TRUE">LangCode</attalias><attrtype Sync="TRUE">String</attrtype><attwidth Sync="TRUE">5</attwidth><atprecis Sync="TRUE">0</atprecis><attscale Sync="TRUE">0</attscale></attr><attr><attrlabl Sync="TRUE">Distance</attrlabl><attalias Sync="TRUE">Distance</attalias><attrtype Sync="TRUE">Double</attrtype><attwidth Sync="TRUE">19</attwidth><atprecis Sync="TRUE">0</atprecis><attscale Sync="TRUE">0</attscale></attr><attr><attrlabl Sync="TRUE">X</attrlabl><attalias Sync="TRUE">X</attalias><attrtype Sync="TRUE">Double</attrtype><attwidth Sync="TRUE">19</attwidth><atprecis Sync="TRUE">0</atprecis><attscale Sync="TRUE">0</attscale></attr><attr><attrlabl Sync="TRUE">Y</attrlabl><attalias Sync="TRUE">Y</attalias><attrtype Sync="TRUE">Double</attrtype><attwidth Sync="TRUE">19</attwidth><atprecis Sync="TRUE">0</atprecis><attscale Sync="TRUE">0</attscale></attr><attr><attrlabl Sync="TRUE">DisplayX</attrlabl><attalias Sync="TRUE">DisplayX</attalias><attrtype Sync="TRUE">Double</attrtype><attwidth Sync="TRUE">19</attwidth><atprecis Sync="TRUE">0</atprecis><attscale Sync="TRUE">0</attscale></attr><attr><attrlabl Sync="TRUE">DisplayY</attrlabl><attalias Sync="TRUE">DisplayY</attalias><attrtype Sync="TRUE">Double</attrtype><attwidth Sync="TRUE">19</attwidth><atprecis Sync="TRUE">0</atprecis><attscale Sync="TRUE">0</attscale></attr><attr><attrlabl Sync="TRUE">Xmin</attrlabl><attalias Sync="TRUE">Xmin</attalias><attrtype Sync="TRUE">Double</attrtype><attwidth Sync="TRUE">19</attwidth><atprecis Sync="TRUE">0</atprecis><attscale Sync="TRUE">0</attscale></attr><attr><attrlabl Sync="TRUE">Xmax</attrlabl><attalias Sync="TRUE">Xmax</attalias><attrtype Sync="TRUE">Double</attrtype><attwidth Sync="TRUE">19</attwidth><atprecis Sync="TRUE">0</atprecis><attscale Sync="TRUE">0</attscale></attr><attr><attrlabl Sync="TRUE">Ymin</attrlabl><attalias Sync="TRUE">Ymin</attalias><attrtype Sync="TRUE">Double</attrtype><attwidth Sync="TRUE">19</attwidth><atprecis Sync="TRUE">0</atprecis><attscale Sync="TRUE">0</attscale></attr><attr><attrlabl Sync="TRUE">Ymax</attrlabl><attalias Sync="TRUE">Ymax</attalias><attrtype Sync="TRUE">Double</attrtype><attwidth Sync="TRUE">19</attwidth><atprecis Sync="TRUE">0</atprecis><attscale Sync="TRUE">0</attscale></attr><attr><attrlabl Sync="TRUE">ExInfo</attrlabl><attalias Sync="TRUE">ExInfo</attalias><attrtype Sync="TRUE">String</attrtype><attwidth Sync="TRUE">254</attwidth><atprecis Sync="TRUE">0</atprecis><attscale Sync="TRUE">0</attscale></attr><attr><attrlabl Sync="TRUE">IN_Address</attrlabl><attalias Sync="TRUE">IN_Address</attalias><attrtype Sync="TRUE">String</attrtype><attwidth Sync="TRUE">100</attwidth><atprecis Sync="TRUE">0</atprecis><attscale Sync="TRUE">0</attscale></attr><attr><attrlabl Sync="TRUE">IN_Addre_1</attrlabl><attalias Sync="TRUE">IN_Addre_1</attalias><attrtype Sync="TRUE">String</attrtype><attwidth Sync="TRUE">100</attwidth><atprecis Sync="TRUE">0</atprecis><attscale Sync="TRUE">0</attscale></attr><attr><attrlabl Sync="TRUE">IN_Addre_2</attrlabl><attalias Sync="TRUE">IN_Addre_2</attalias><attrtype Sync="TRUE">String</attrtype><attwidth Sync="TRUE">100</attwidth><atprecis Sync="TRUE">0</atprecis><attscale Sync="TRUE">0</attscale></attr><attr><attrlabl Sync="TRUE">IN_Neighbo</attrlabl><attalias Sync="TRUE">IN_Neighbo</attalias><attrtype Sync="TRUE">String</attrtype><attwidth Sync="TRUE">50</attwidth><atprecis Sync="TRUE">0</atprecis><attscale Sync="TRUE">0</attscale></attr><attr><attrlabl Sync="TRUE">IN_City</attrlabl><attalias Sync="TRUE">IN_City</attalias><attrtype Sync="TRUE">String</attrtype><attwidth Sync="TRUE">50</attwidth><atprecis Sync="TRUE">0</atprecis><attscale Sync="TRUE">0</attscale></attr><attr><attrlabl Sync="TRUE">IN_Subregi</attrlabl><attalias Sync="TRUE">IN_Subregi</attalias><attrtype Sync="TRUE">String</attrtype><attwidth Sync="TRUE">50</attwidth><atprecis Sync="TRUE">0</atprecis><attscale Sync="TRUE">0</attscale></attr><attr><attrlabl Sync="TRUE">IN_Region</attrlabl><attalias Sync="TRUE">IN_Region</attalias><attrtype Sync="TRUE">String</attrtype><attwidth Sync="TRUE">50</attwidth><atprecis Sync="TRUE">0</atprecis><attscale Sync="TRUE">0</attscale></attr><attr><attrlabl Sync="TRUE">IN_Postal</attrlabl><attalias Sync="TRUE">IN_Postal</attalias><attrtype Sync="TRUE">String</attrtype><attwidth Sync="TRUE">20</attwidth><atprecis Sync="TRUE">0</atprecis><attscale Sync="TRUE">0</attscale></attr><attr><attrlabl Sync="TRUE">IN_PostalE</attrlabl><attalias Sync="TRUE">IN_PostalE</attalias><attrtype Sync="TRUE">String</attrtype><attwidth Sync="TRUE">20</attwidth><atprecis Sync="TRUE">0</atprecis><attscale Sync="TRUE">0</attscale></attr><attr><attrlabl Sync="TRUE">IN_Country</attrlabl><attalias Sync="TRUE">IN_Country</attalias><attrtype Sync="TRUE">String</attrtype><attwidth Sync="TRUE">100</attwidth><atprecis Sync="TRUE">0</atprecis><attscale Sync="TRUE">0</attscale></attr><attr><attrlabl Sync="TRUE">USER_COL_A</attrlabl><attalias Sync="TRUE">USER_COL_A</attalias><attrtype Sync="TRUE">Integer</attrtype><attwidth Sync="TRUE">10</attwidth><atprecis Sync="TRUE">10</atprecis><attscale Sync="TRUE">0</attscale></attr><attr><attrlabl Sync="TRUE">USER_Data_</attrlabl><attalias Sync="TRUE">USER_Data_</attalias><attrtype Sync="TRUE">String</attrtype><attwidth Sync="TRUE">254</attwidth><atprecis Sync="TRUE">0</atprecis><attscale Sync="TRUE">0</attscale></attr><attr><attrlabl Sync="TRUE">USER_Clien</attrlabl><attalias Sync="TRUE">USER_Clien</attalias><attrtype Sync="TRUE">String</attrtype><attwidth Sync="TRUE">254</attwidth><atprecis Sync="TRUE">0</atprecis><attscale Sync="TRUE">0</attscale></attr><attr><attrlabl Sync="TRUE">USER_Addre</attrlabl><attalias Sync="TRUE">USER_Addre</attalias><attrtype Sync="TRUE">String</attrtype><attwidth Sync="TRUE">254</attwidth><atprecis Sync="TRUE">0</atprecis><attscale Sync="TRUE">0</attscale></attr><attr><attrlabl Sync="TRUE">USER_City</attrlabl><attalias Sync="TRUE">USER_City</attalias><attrtype Sync="TRUE">String</attrtype><attwidth Sync="TRUE">254</attwidth><atprecis Sync="TRUE">0</atprecis><attscale Sync="TRUE">0</attscale></attr><attr><attrlabl Sync="TRUE">USER_State</attrlabl><attalias Sync="TRUE">USER_State</attalias><attrtype Sync="TRUE">String</attrtype><attwidth Sync="TRUE">254</attwidth><atprecis Sync="TRUE">0</atprecis><attscale Sync="TRUE">0</attscale></attr><attr><attrlabl Sync="TRUE">USER_ZipCo</attrlabl><attalias Sync="TRUE">USER_ZipCo</attalias><attrtype Sync="TRUE">Integer</attrtype><attwidth Sync="TRUE">10</attwidth><atprecis Sync="TRUE">10</atprecis><attscale Sync="TRUE">0</attscale></attr><attr><attrlabl Sync="TRUE">USER_Well_</attrlabl><attalias Sync="TRUE">USER_Well_</attalias><attrtype Sync="TRUE">String</attrtype><attwidth Sync="TRUE">254</attwidth><atprecis Sync="TRUE">0</atprecis><attscale Sync="TRUE">0</attscale></attr><attr><attrlabl Sync="TRUE">USER_STARL</attrlabl><attalias Sync="TRUE">USER_STARL</attalias><attrtype Sync="TRUE">String</attrtype><attwidth Sync="TRUE">254</attwidth><atprecis Sync="TRUE">0</atprecis><attscale Sync="TRUE">0</attscale></attr><attr><attrlabl Sync="TRUE">USER_Colle</attrlabl><attalias Sync="TRUE">USER_Colle</attalias><attrtype Sync="TRUE">String</attrtype><attwidth Sync="TRUE">254</attwidth><atprecis Sync="TRUE">0</atprecis><attscale Sync="TRUE">0</attscale></attr><attr><attrlabl Sync="TRUE">USER_Sampl</attrlabl><attalias Sync="TRUE">USER_Sampl</attalias><attrtype Sync="TRUE">String</attrtype><attwidth Sync="TRUE">254</attwidth><atprecis Sync="TRUE">0</atprecis><attscale Sync="TRUE">0</attscale></attr><attr><attrlabl Sync="TRUE">USER_Unit</attrlabl><attalias Sync="TRUE">USER_Unit</attalias><attrtype Sync="TRUE">String</attrtype><attwidth Sync="TRUE">254</attwidth><atprecis Sync="TRUE">0</atprecis><attscale Sync="TRUE">0</attscale></attr><attr><attrlabl Sync="TRUE">USER_Alumi</attrlabl><attalias Sync="TRUE">USER_Alumi</attalias><attrtype Sync="TRUE">String</attrtype><attwidth Sync="TRUE">254</attwidth><atprecis Sync="TRUE">0</atprecis><attscale Sync="TRUE">0</attscale></attr><attr><attrlabl Sync="TRUE">USER_Antim</attrlabl><attalias Sync="TRUE">USER_Antim</attalias><attrtype Sync="TRUE">String</attrtype><attwidth Sync="TRUE">254</attwidth><atprecis Sync="TRUE">0</atprecis><attscale Sync="TRUE">0</attscale></attr><attr><attrlabl Sync="TRUE">USER_Arsen</attrlabl><attalias Sync="TRUE">USER_Arsen</attalias><attrtype Sync="TRUE">String</attrtype><attwidth Sync="TRUE">254</attwidth><atprecis Sync="TRUE">0</atprecis><attscale Sync="TRUE">0</attscale></attr><attr><attrlabl Sync="TRUE">USER_Bariu</attrlabl><attalias Sync="TRUE">USER_Bariu</attalias><attrtype Sync="TRUE">String</attrtype><attwidth Sync="TRUE">254</attwidth><atprecis Sync="TRUE">0</atprecis><attscale Sync="TRUE">0</attscale></attr><attr><attrlabl Sync="TRUE">USER_Beryl</attrlabl><attalias Sync="TRUE">USER_Beryl</attalias><attrtype Sync="TRUE">String</attrtype><attwidth Sync="TRUE">254</attwidth><atprecis Sync="TRUE">0</atprecis><attscale Sync="TRUE">0</attscale></attr><attr><attrlabl Sync="TRUE">USER_Boron</attrlabl><attalias Sync="TRUE">USER_Boron</attalias><attrtype Sync="TRUE">String</attrtype><attwidth Sync="TRUE">254</attwidth><atprecis Sync="TRUE">0</atprecis><attscale Sync="TRUE">0</attscale></attr><attr><attrlabl Sync="TRUE">USER_Cadmi</attrlabl><attalias Sync="TRUE">USER_Cadmi</attalias><attrtype Sync="TRUE">String</attrtype><attwidth Sync="TRUE">254</attwidth><atprecis Sync="TRUE">0</atprecis><attscale Sync="TRUE">0</attscale></attr><attr><attrlabl Sync="TRUE">USER_Calci</attrlabl><attalias Sync="TRUE">USER_Calci</attalias><attrtype Sync="TRUE">String</attrtype><attwidth Sync="TRUE">254</attwidth><atprecis Sync="TRUE">0</atprecis><attscale Sync="TRUE">0</attscale></attr><attr><attrlabl Sync="TRUE">USER_Chlor</attrlabl><attalias Sync="TRUE">USER_Chlor</attalias><attrtype Sync="TRUE">String</attrtype><attwidth Sync="TRUE">254</attwidth><atprecis Sync="TRUE">0</atprecis><attscale Sync="TRUE">0</attscale></attr><attr><attrlabl Sync="TRUE">USER_Chrom</attrlabl><attalias Sync="TRUE">USER_Chrom</attalias><attrtype Sync="TRUE">String</attrtype><attwidth Sync="TRUE">254</attwidth><atprecis Sync="TRUE">0</atprecis><attscale Sync="TRUE">0</attscale></attr><attr><attrlabl Sync="TRUE">USER_Cobal</attrlabl><attalias Sync="TRUE">USER_Cobal</attalias><attrtype Sync="TRUE">String</attrtype><attwidth Sync="TRUE">254</attwidth><atprecis Sync="TRUE">0</atprecis><attscale Sync="TRUE">0</attscale></attr><attr><attrlabl Sync="TRUE">USER_Coppe</attrlabl><attalias Sync="TRUE">USER_Coppe</attalias><attrtype Sync="TRUE">String</attrtype><attwidth Sync="TRUE">254</attwidth><atprecis Sync="TRUE">0</atprecis><attscale Sync="TRUE">0</attscale></attr><attr><attrlabl Sync="TRUE">USER_Fluor</attrlabl><attalias Sync="TRUE">USER_Fluor</attalias><attrtype Sync="TRUE">String</attrtype><attwidth Sync="TRUE">254</attwidth><atprecis Sync="TRUE">0</atprecis><attscale Sync="TRUE">0</attscale></attr><attr><attrlabl Sync="TRUE">USER_Iron</attrlabl><attalias Sync="TRUE">USER_Iron</attalias><attrtype Sync="TRUE">String</attrtype><attwidth Sync="TRUE">254</attwidth><atprecis Sync="TRUE">0</atprecis><attscale Sync="TRUE">0</attscale></attr><attr><attrlabl Sync="TRUE">USER_Lead</attrlabl><attalias Sync="TRUE">USER_Lead</attalias><attrtype Sync="TRUE">String</attrtype><attwidth Sync="TRUE">254</attwidth><atprecis Sync="TRUE">0</atprecis><attscale Sync="TRUE">0</attscale></attr><attr><attrlabl Sync="TRUE">USER_Magne</attrlabl><attalias Sync="TRUE">USER_Magne</attalias><attrtype Sync="TRUE">String</attrtype><attwidth Sync="TRUE">254</attwidth><atprecis Sync="TRUE">0</atprecis><attscale Sync="TRUE">0</attscale></attr><attr><attrlabl Sync="TRUE">USER_Manga</attrlabl><attalias Sync="TRUE">USER_Manga</attalias><attrtype Sync="TRUE">String</attrtype><attwidth Sync="TRUE">254</attwidth><atprecis Sync="TRUE">0</atprecis><attscale Sync="TRUE">0</attscale></attr><attr><attrlabl Sync="TRUE">USER_Mercu</attrlabl><attalias Sync="TRUE">USER_Mercu</attalias><attrtype Sync="TRUE">String</attrtype><attwidth Sync="TRUE">254</attwidth><atprecis Sync="TRUE">0</atprecis><attscale Sync="TRUE">0</attscale></attr><attr><attrlabl Sync="TRUE">USER_Molyb</attrlabl><attalias Sync="TRUE">USER_Molyb</attalias><attrtype Sync="TRUE">String</attrtype><attwidth Sync="TRUE">254</attwidth><atprecis Sync="TRUE">0</atprecis><attscale Sync="TRUE">0</attscale></attr><attr><attrlabl Sync="TRUE">USER_Nicke</attrlabl><attalias Sync="TRUE">USER_Nicke</attalias><attrtype Sync="TRUE">String</attrtype><attwidth Sync="TRUE">254</attwidth><atprecis Sync="TRUE">0</atprecis><attscale Sync="TRUE">0</attscale></attr><attr><attrlabl Sync="TRUE">USER_Nitra</attrlabl><attalias Sync="TRUE">USER_Nitra</attalias><attrtype Sync="TRUE">String</attrtype><attwidth Sync="TRUE">254</attwidth><atprecis Sync="TRUE">0</atprecis><attscale Sync="TRUE">0</attscale></attr><attr><attrlabl Sync="TRUE">USER_Nitri</attrlabl><attalias Sync="TRUE">USER_Nitri</attalias><attrtype Sync="TRUE">String</attrtype><attwidth Sync="TRUE">254</attwidth><atprecis Sync="TRUE">0</atprecis><attscale Sync="TRUE">0</attscale></attr><attr><attrlabl Sync="TRUE">USER_pH</attrlabl><attalias Sync="TRUE">USER_pH</attalias><attrtype Sync="TRUE">Double</attrtype><attwidth Sync="TRUE">19</attwidth><atprecis Sync="TRUE">0</atprecis><attscale Sync="TRUE">0</attscale></attr><attr><attrlabl Sync="TRUE">USER_Potas</attrlabl><attalias Sync="TRUE">USER_Potas</attalias><attrtype Sync="TRUE">Double</attrtype><attwidth Sync="TRUE">19</attwidth><atprecis Sync="TRUE">0</atprecis><attscale Sync="TRUE">0</attscale></attr><attr><attrlabl Sync="TRUE">USER_Selen</attrlabl><attalias Sync="TRUE">USER_Selen</attalias><attrtype Sync="TRUE">String</attrtype><attwidth Sync="TRUE">254</attwidth><atprecis Sync="TRUE">0</atprecis><attscale Sync="TRUE">0</attscale></attr><attr><attrlabl Sync="TRUE">USER_Silve</attrlabl><attalias Sync="TRUE">USER_Silve</attalias><attrtype Sync="TRUE">String</attrtype><attwidth Sync="TRUE">254</attwidth><atprecis Sync="TRUE">0</atprecis><attscale Sync="TRUE">0</attscale></attr><attr><attrlabl Sync="TRUE">USER_Stron</attrlabl><attalias Sync="TRUE">USER_Stron</attalias><attrtype Sync="TRUE">String</attrtype><attwidth Sync="TRUE">254</attwidth><atprecis Sync="TRUE">0</atprecis><attscale Sync="TRUE">0</attscale></attr><attr><attrlabl Sync="TRUE">USER_Sodiu</attrlabl><attalias Sync="TRUE">USER_Sodiu</attalias><attrtype Sync="TRUE">String</attrtype><attwidth Sync="TRUE">254</attwidth><atprecis Sync="TRUE">0</atprecis><attscale Sync="TRUE">0</attscale></attr><attr><attrlabl Sync="TRUE">USER_Sulfa</attrlabl><attalias Sync="TRUE">USER_Sulfa</attalias><attrtype Sync="TRUE">String</attrtype><attwidth Sync="TRUE">254</attwidth><atprecis Sync="TRUE">0</atprecis><attscale Sync="TRUE">0</attscale></attr><attr><attrlabl Sync="TRUE">USER_Thall</attrlabl><attalias Sync="TRUE">USER_Thall</attalias><attrtype Sync="TRUE">String</attrtype><attwidth Sync="TRUE">254</attwidth><atprecis Sync="TRUE">0</atprecis><attscale Sync="TRUE">0</attscale></attr><attr><attrlabl Sync="TRUE">USER_Total</attrlabl><attalias Sync="TRUE">USER_Total</attalias><attrtype Sync="TRUE">String</attrtype><attwidth Sync="TRUE">254</attwidth><atprecis Sync="TRUE">0</atprecis><attscale Sync="TRUE">0</attscale></attr><attr><attrlabl Sync="TRUE">USER_Tot_1</attrlabl><attalias Sync="TRUE">USER_Tot_1</attalias><attrtype Sync="TRUE">Integer</attrtype><attwidth Sync="TRUE">10</attwidth><atprecis Sync="TRUE">10</atprecis><attscale Sync="TRUE">0</attscale></attr><attr><attrlabl Sync="TRUE">USER_Tot_2</attrlabl><attalias Sync="TRUE">USER_Tot_2</attalias><attrtype Sync="TRUE">String</attrtype><attwidth Sync="TRUE">254</attwidth><atprecis Sync="TRUE">0</atprecis><attscale Sync="TRUE">0</attscale></attr><attr><attrlabl Sync="TRUE">USER_Tot_3</attrlabl><attalias Sync="TRUE">USER_Tot_3</attalias><attrtype Sync="TRUE">String</attrtype><attwidth Sync="TRUE">254</attwidth><atprecis Sync="TRUE">0</atprecis><attscale Sync="TRUE">0</attscale></attr><attr><attrlabl Sync="TRUE">USER_Vanad</attrlabl><attalias Sync="TRUE">USER_Vanad</attalias><attrtype Sync="TRUE">Double</attrtype><attwidth Sync="TRUE">19</attwidth><atprecis Sync="TRUE">0</atprecis><attscale Sync="TRUE">0</attscale></attr><attr><attrlabl Sync="TRUE">USER_Zinc</attrlabl><attalias Sync="TRUE">USER_Zinc</attalias><attrtype Sync="TRUE">String</attrtype><attwidth Sync="TRUE">254</attwidth><atprecis Sync="TRUE">0</atprecis><attscale Sync="TRUE">0</attscale></attr><attr><attrlabl Sync="TRUE">USER_Hexav</attrlabl><attalias Sync="TRUE">USER_Hexav</attalias><attrtype Sync="TRUE">Double</attrtype><attwidth Sync="TRUE">19</attwidth><atprecis Sync="TRUE">0</atprecis><attscale Sync="TRUE">0</attscale></attr></detailed></eainfo><mdDateSt Sync="TRUE">20230102</mdDateSt></metadata>
